language,char_count,word_count,avg_characters_per_word,unique_characters,file_size,compressed_size,compression_ratio
chinese (traditional),23740,1043,22.761,1414,65601,27397,0.4176308287983415
chinese (simplified),24467,1039,23.549,1388,66532,27552,0.4141165153610293
japanese,35178,1089,32.303,1236,98304,31758,0.32305908203125
korean,38645,8620,4.483,738,88886,29272,0.329320702922845
amharic,47110,8794,5.357,276,117791,32069,0.27225339796758663
tigrinya,49499,9551,5.183,274,122786,33146,0.26994934275894644
hebrew,55969,9473,5.908,88,98336,28237,0.28714814513504716
arabic,62383,10298,6.058,96,111655,31645,0.28341767050288835
persian,65143,12857,5.067,103,114637,30854,0.2691452148957143
sindhi,65477,13675,4.788,132,114081,31085,0.2724818330835108
latin,65599,8618,7.612,78,65607,25587,0.3900041154145137
tatar,66847,8668,7.712,128,120962,30071,0.24859873348654948
thai,66989,2115,31.673,134,188792,37633,0.19933577693970084
pashto,67150,14463,4.643,124,116860,31293,0.2677819613212391
gujarati,68092,11052,6.161,113,174514,36019,0.20639604845456525
nepali,68712,10044,6.841,132,179015,35987,0.20102784682847807
czech,68984,10345,6.668,103,76503,30158,0.3942067631334719
maithili,69098,13164,5.249,140,173449,37626,0.21692831898713744
haitian creole,69334,12880,5.383,82,70960,25625,0.36111894024802704
sinhala,69358,10623,6.529,135,177675,37244,0.20961868580272972
turkmen,69655,8638,8.064,86,76308,26220,0.3436074854536877
urdu,69800,14609,4.778,117,120945,31845,0.26330150068212826
serbian,69840,10774,6.482,112,125794,34346,0.27303369000111294
bengali,70199,10523,6.671,128,182432,35644,0.19538238905455182
sanskrit,70251,8802,7.981,144,185160,36881,0.1991844890905163
marathi,70431,9747,7.226,126,184432,37053,0.20090331395853214
slovak,70456,10402,6.773,106,76768,30392,0.39589412255106293
slovenian,70744,10803,6.549,84,72312,28119,0.3888566213076668
assamese,70840,10282,6.89,136,184505,36366,0.19710034958402212
estonian,70925,9384,7.558,84,72896,27726,0.3803500877963126
croatian,70948,10653,6.66,85,72667,28656,0.39434681492286733
bosnian,70976,10766,6.593,87,72716,28912,0.3976016282523791
latvian,71019,9875,7.192,94,77461,28659,0.3699797317359704
konkani,71020,10115,7.021,138,185179,37165,0.20069770330329034
lithuanian,71247,9525,7.48,96,75591,28685,0.3794763926922517
kurdish (kurmanji),71456,12637,5.655,88,77847,28063,0.3604891646434673
punjabi,71834,13555,5.299,109,180757,36815,0.20367122711706878
ukrainian,71847,10259,7.003,130,128584,35620,0.2770173583027437
bhojpuri,72216,14412,5.011,128,179772,36768,0.20452573259461984
kazakh,72244,8906,8.112,138,131734,32437,0.24623104134088392
igbo,72471,13566,5.342,103,85813,25728,0.29981471338841437
kinyarwanda,72587,9184,7.904,78,72724,25588,0.35185083328749794
telugu,72662,8878,8.185,115,192826,37250,0.193179343034653
belarusian,72965,10359,7.044,121,131010,35622,0.2719029081749485
hindi,72979,13644,5.349,108,184981,37314,0.20171801428254793
odia (oriya),73061,11184,6.533,129,185626,35712,0.1923868423604452
yoruba,73142,14146,5.171,112,85229,28442,0.33371270342254394
dogri,73195,13756,5.321,135,184201,39391,0.21384791613509155
esperanto,73241,11780,6.217,86,74528,27213,0.3651379347359382
icelandic,73266,11513,6.364,96,80718,30067,0.372494363091256
kannada,73439,8213,8.942,112,196679,36507,0.18561717316032722
azerbaijani,74249,9652,7.693,92,86323,29196,0.33821808787924423
kurdish (sorani),74265,10772,6.894,100,134459,32628,0.2426613317070631
kyrgyz,74329,9335,7.962,130,135353,33412,0.24685082709655493
tajik,74686,11563,6.459,145,133722,34968,0.2614977341050837
swahili,74773,11195,6.679,76,74798,26219,0.35053076285462176
khmer,74835,2827,26.472,156,209458,40486,0.1932893467902873
mongolian,74905,10400,7.202,130,135197,32950,0.2437184257047124
krio,74992,16072,4.666,83,82457,27504,0.3335556714408722
javanese,75021,10495,7.148,79,75161,26497,0.35253655486222907
uyghur,75172,9703,7.747,102,137243,31881,0.2322960005246169
turkish,75614,9542,7.924,88,82544,29101,0.35255136654390384
basque,75647,9239,8.188,77,75673,27006,0.35687761817292823
hausa,75907,13416,5.658,90,76667,26150,0.3410854735414194
georgian,76411,9150,8.351,95,202548,39061,0.19284811501471255
norwegian,76524,12230,6.257,83,77874,28534,0.36641240979017387
polish,76588,10560,7.253,97,81365,31182,0.3832360351502489
hawaiian,76609,16402,4.671,83,82288,24093,0.2927887419793895
hungarian,76659,10007,7.661,95,83925,31144,0.3710932380101281
macedonian,76874,11968,6.423,123,137887,34776,0.2522065169305301
galician,76880,11886,6.468,91,78645,28673,0.36458770424057474
finnish,77194,9021,8.557,79,80113,29210,0.36460998839139713
shona,77377,8938,8.657,79,77398,26914,0.3477350835938913
russian,77431,10469,7.396,111,140220,36794,0.2624019398088718
welsh,77470,12841,6.033,87,77830,29595,0.3802518309135295
maori,77477,15821,4.897,87,77628,23159,0.2983330756943371
swedish,77479,11987,6.464,82,80360,29449,0.36646341463414633
twi,77683,15780,4.923,92,84273,27135,0.32198924922573063
bambara,77724,15562,4.994,91,85215,26127,0.3066009505368773
armenian,77770,10121,7.684,151,140617,34544,0.24566019755790552
bulgarian,77771,11822,6.578,114,139328,35428,0.2542776757005053
danish,77838,12238,6.36,82,79353,28879,0.3639307902662785
chichewa,77968,9955,7.832,80,78098,26254,0.3361673794463367
corsican,78133,12922,6.047,94,80569,29566,0.3669649617098388
portuguese,78533,12059,6.512,103,80911,29370,0.3629914350335554
sundanese,78697,10606,7.42,76,79568,28397,0.35688970440378043
english,78804,12737,6.187,76,78841,28320,0.35920396747884986
meiteilon (manipuri),78910,10731,7.353,118,206768,38154,0.1845256519384044
catalan,79026,12469,6.338,93,80587,29313,0.3637435318351595
xhosa,79306,8661,9.157,80,79333,28269,0.35633342997239487
romanian,79359,12248,6.479,89,83896,30634,0.3651425574520835
zulu,79382,8395,9.456,80,79417,28046,0.35314857020537166
uzbek,79486,9620,8.263,83,79522,27533,0.34623123160886293
ewe,79509,15013,5.296,109,87946,28064,0.3191049052827872
lao,79790,3267,24.423,139,217477,44042,0.20251336922984958
maltese,79895,10346,7.722,95,83354,30578,0.3668450224344363
malayalam,79933,7557,10.577,118,217261,38993,0.17947537754129825
guarani,79985,9961,8.03,110,86400,29759,0.34443287037037035
frisian,80028,12827,6.239,87,80994,29332,0.36215028273699285
samoan,80108,16389,4.888,82,80546,25226,0.3131874953442753
albanian,80269,13505,5.944,83,86590,30291,0.3498209954960157
afrikaans,80994,13119,6.174,81,81181,28910,0.3561178108178022
italian,81409,12101,6.727,84,82097,29681,0.3615357443024715
spanish,81678,12712,6.425,91,83056,29770,0.3584328645732999
irish,81691,13470,6.065,88,86487,30449,0.3520644721171968
vietnamese,81718,17822,4.585,194,108756,31219,0.2870554268270256
tamil,81755,8437,9.69,105,220736,37783,0.17116827341258337
luxembourgish,81895,12171,6.729,88,84243,30278,0.3594126514962668
oromo,82303,10737,7.665,78,83667,27102,0.3239269963067876
mizo,82316,14874,5.534,85,82603,27715,0.33552050167669456
greek,82828,12659,6.543,139,147879,39022,0.2638779001751432
sesotho,83038,15306,5.425,84,83432,27660,0.33152747147377504
somali,83156,12919,6.437,78,83191,29501,0.3546176870094121
yiddish,83162,13542,6.141,104,148852,36060,0.2422540510036815
myanmar,83370,5698,14.631,146,230315,42040,0.1825326183704926
luganda,83540,10551,7.918,79,86163,28861,0.3349581606954261
malay,84285,11121,7.579,77,84314,27356,0.32445382735963185
lingala,85377,13971,6.111,97,86228,28270,0.32785174189358446
french,85645,13161,6.507,98,88507,31290,0.35353135910154
malagasy,86658,12154,7.13,84,86994,26660,0.30645791663792904
indonesian,86905,11319,7.678,76,86954,28136,0.3235733836281252
quechua,87448,9232,9.472,92,88405,29075,0.32888411288954245
dutch,87615,13456,6.511,86,87813,31135,0.3545602587316229
scots gaelic,88224,14438,6.111,90,90288,30098,0.3333554846712741
aymara,88785,10071,8.816,102,92985,29370,0.3158573963542507
german,88841,12411,7.158,84,90269,32415,0.3590933764636808
cebuano,88994,14274,6.235,77,89039,28375,0.31868057817360934
sepedi,90420,17157,5.27,79,93030,29307,0.3150274105127378
filipino,90636,14130,6.414,76,90667,29360,0.32382233888845996
ilocano,92737,13905,6.669,76,92776,29322,0.3160515650599293
hmong,94098,18481,5.092,80,94127,26865,0.2854122621564482
tsonga,94317,15901,5.932,78,94928,29445,0.3101824540704534
dhivehi,96354,9570,10.068,110,179825,36311,0.20192409286806617
english (source),77902,12737,6.116,76,77939,28253,0.3625014434365337
